country,year,health_burden_index
India,2000,0.4399655879976517
India,2010,0.4329621631004712
India,2021,0.17139049144630633
