country,year,environment_stress_index
india,2016,0.28931397575868417
india,2017,0.6364569801028269
india,2018,0.7478165266889302
india,2019,0.17541024364496263
india,2020,0.32370061942469236
india,2021,0.20043043107039357
india,2022,0.28170316062717893
india,2025,0.7550306211723534
